<?xml version="1.0"?>
<doc>
    <assembly>
        <name>IdleBus</name>
    </assembly>
    <members>
        <member name="M:HWT.HashedWheelBucket.ExpireTimeouts(System.Int64)">
            <summary>
            Expire all HashedWheelTimeout for the given deadline.
            </summary>
            <param name="deadline"></param>
        </member>
        <member name="T:HWT.HashedWheelTimer">
            <summary>
            A Timer optimized for approximated I/O timeout scheduling.
            
            ## Tick Duration ##
            As described with 'approximated', this timer does not execute the scheduled TimerTask on time. HashedWheelTimer, 
            on every tick, will check if there are any TimerTasks behind the schedule and execute them.
            You can increase or decrease the accuracy of the execution timing by specifying smaller or larger tick duration 
            in the constructor.In most network applications, I/O timeout does not need to be accurate. 
            Therefore, the default tick duration is 100 milliseconds and you will not need to try different configurations in most cases.
            
            ## Ticks per Wheel (Wheel Size) ##
            
            HashedWheelTimer maintains a data structure called 'wheel'. 
            To put simply, a wheel is a hash table of TimerTasks whose hash function is 'dead line of the task'. 
            The default number of ticks per wheel (i.e. the size of the wheel) is 512. 
            You could specify a larger value if you are going to schedule a lot of timeouts.
            
            ## Do not create many instances. ##
            
            HashedWheelTimer creates a new thread whenever it is instantiated and started. 
            Therefore, you should make sure to create only one instance and share it across your application. 
            One of the common mistakes, that makes your application unresponsive, is to create a new instance for every connection.
            
            ## Implementation Details ##
            HashedWheelTimer is based on George Varghese and Tony Lauck's paper, 
            'Hashed and Hierarchical Timing Wheels: data structures to efficiently implement a timer facility'. 
            More comprehensive slides are located here http://www.cse.wustl.edu/~cdgill/courses/cs6874/TimingWheels.ppt.
            </summary>
        </member>
        <member name="F:HWT.HashedWheelTimer._base">
            <summary>
            There are 10,000 ticks in a millisecond
            </summary>
        </member>
        <member name="M:HWT.HashedWheelTimer.#ctor">
            <summary>
            Creates a new timer with default tick duration 100 ms, and default number of ticks per wheel 512.
            </summary>
        </member>
        <member name="M:HWT.HashedWheelTimer.#ctor(System.TimeSpan,System.Int32,System.Int64)">
            <summary>
            Creates a new timer.
            </summary>
            <param name="tickDuration">the duration between tick</param>
            <param name="ticksPerWheel">the size of the wheel</param>
            <param name="maxPendingTimeouts">The maximum number of pending timeouts after which call to NewTimeout will result in InvalidOperationException being thrown. No maximum pending timeouts limit is assumed if this value is 0 or negative.
            </param>
        </member>
        <member name="M:HWT.HashedWheelTimer.Start">
            <summary>
             Starts the background thread explicitly.  The background thread will start automatically on demand 
             even if you did not call this method.
            </summary>
        </member>
        <member name="M:HWT.HashedWheelTimer.NewTimeout(HWT.TimerTask,System.TimeSpan)">
            <summary>
            Schedules the specified TimerTask for one-time execution after the specified delay.
            </summary>
            <param name="task"></param>
            <param name="span"></param>
            <returns>a handle which is associated with the specified task</returns>
        </member>
        <member name="M:HWT.HashedWheelTimer.Stop">
            <summary>
            Releases all resources acquired by this Timer and cancels all tasks which were scheduled but not executed yet.
            </summary>
            <returns></returns>
        </member>
        <member name="T:HWT.Timeout">
            <summary>
            A handle associated with a TimerTask that is returned by a Timer
            </summary>
        </member>
        <member name="P:HWT.Timeout.Timer">
            <summary>
             Returns the Timer that created this handle.
            </summary>
        </member>
        <member name="P:HWT.Timeout.TimerTask">
            <summary>
            Returns the TimerTask which is associated with this handle.
            </summary>
        </member>
        <member name="P:HWT.Timeout.Expired">
            <summary>
            Returns true if and only if the TimerTask associated
            with this handle has been expired
            </summary>
        </member>
        <member name="P:HWT.Timeout.Cancelled">
            <summary>
            Returns true if and only if the TimerTask associated
            with this handle has been cancelled
            </summary>
        </member>
        <member name="M:HWT.Timeout.Cancel">
            <summary>
            Attempts to cancel the {@link TimerTask} associated with this handle.
            If the task has been executed or cancelled already, it will return with no side effect.
            </summary>
            <returns>True if the cancellation completed successfully, otherwise false</returns>
        </member>
        <member name="M:HWT.Timer.NewTimeout(HWT.TimerTask,System.TimeSpan)">
            <summary>
             Schedules the specified TimerTask for one-time execution after the specified delay.
            </summary>
            <param name="task"></param>
            <param name="span"></param>
            <returns> handle which is associated with the specified task</returns>
        </member>
        <member name="M:HWT.Timer.Stop">
            <summary>
            Releases all resources acquired by this Timer and cancels all
            tasks which were scheduled but not executed yet.
            </summary>
            <returns>the handles associated with the tasks which were canceled by this method</returns>
        </member>
        <member name="T:HWT.TimerTask">
            <summary>
            A task which is executed after the delay specified with Timer.NewTimeout(TimerTask, long, TimeUnit).
            </summary>
        </member>
        <member name="M:HWT.TimerTask.Run(HWT.Timeout)">
            <summary>
            Executed after the delay specified with Timer.NewTimeout(TimerTask, long, TimeUnit)
            </summary>
            <param name="timeout">timeout a handle which is associated with this task</param>
        </member>
        <member name="T:IdleBus">
            <summary>
            空闲对象容器管理，可实现自动创建、销毁、扩张收缩，解决【实例】长时间占用问题
            </summary>
        </member>
        <member name="M:IdleBus.#ctor">
            <summary>
            按空闲时间1分钟，创建空闲容器
            </summary>
        </member>
        <member name="M:IdleBus.#ctor(System.TimeSpan)">
            <summary>
            指定空闲时间、创建空闲容器
            </summary>
            <param name="idle">空闲时间</param>
        </member>
        <member name="T:IdleBus`1">
            <summary>
            空闲对象容器管理，可实现自动创建、销毁、扩张收缩，解决【实例】长时间占用问题
            </summary>
        </member>
        <member name="M:IdleBus`1.#ctor">
            <summary>
            按空闲时间1分钟，创建空闲容器
            </summary>
        </member>
        <member name="M:IdleBus`1.#ctor(System.TimeSpan)">
            <summary>
            指定空闲时间、创建空闲容器
            </summary>
            <param name="idle">空闲时间</param>
        </member>
        <member name="M:IdleBus`1.Get(System.String)">
            <summary>
            根据 key 获得或创建【实例】（线程安全）<para></para>
            key 未注册时，抛出异常
            </summary>
            <param name="key"></param>
            <returns></returns>
        </member>
        <member name="M:IdleBus`1.Exists(System.String)">
            <summary>
            判断 key 是否注册
            </summary>
            <param name="key"></param>
            <returns></returns>
        </member>
        <member name="M:IdleBus`1.Register(System.String,System.Func{`0})">
            <summary>
            注册【实例】
            </summary>
            <param name="key"></param>
            <param name="create">实例创建方法</param>
            <returns></returns>
        </member>
        <member name="P:IdleBus`1.UsageQuantity">
            <summary>
            已创建【实例】数量
            </summary>
        </member>
        <member name="P:IdleBus`1.Quantity">
            <summary>
            注册数量
            </summary>
        </member>
        <member name="E:IdleBus`1.Notice">
            <summary>
            通知事件
            </summary>
        </member>
        <member name="F:IdleBus`1.NoticeType.Register">
            <summary>
            执行 Register 方法的时候
            </summary>
        </member>
        <member name="F:IdleBus`1.NoticeType.Remove">
            <summary>
            执行 Remove 方法的时候，注意：实际会延时释放【实例】
            </summary>
        </member>
        <member name="F:IdleBus`1.NoticeType.AutoCreate">
            <summary>
            自动创建【实例】的时候
            </summary>
        </member>
        <member name="F:IdleBus`1.NoticeType.AutoRelease">
            <summary>
            自动释放不活跃【实例】的时候
            </summary>
        </member>
        <member name="F:IdleBus`1.NoticeType.Get">
            <summary>
            获取【实例】的时候
            </summary>
        </member>
    </members>
</doc>
